{
  "to_price": {
    "precision": 0.0,
    "recall": 0.0,
    "f1-score": 0.0,
    "support": 38,
    "confused_with": {}
  },
  "category_name": {
    "precision": 0.0,
    "recall": 0.0,
    "f1-score": 0.0,
    "support": 136,
    "confused_with": {
      "product_name": 44
    }
  },
  "product_name": {
    "precision": 0.8006993006993007,
    "recall": 0.8980392156862745,
    "f1-score": 0.8465804066543438,
    "support": 510,
    "confused_with": {}
  },
  "from_price": {
    "precision": 0.0,
    "recall": 0.0,
    "f1-score": 0.0,
    "support": 40,
    "confused_with": {}
  },
  "micro avg": {
    "precision": 0.8006993006993007,
    "recall": 0.6325966850828729,
    "f1-score": 0.70679012345679,
    "support": 724
  },
  "macro avg": {
    "precision": 0.20017482517482518,
    "recall": 0.22450980392156863,
    "f1-score": 0.21164510166358594,
    "support": 724
  },
  "weighted avg": {
    "precision": 0.5640285129235405,
    "recall": 0.6325966850828729,
    "f1-score": 0.5963480765106566,
    "support": 724
  },
  "accuracy": 0.9565835379247964
}